,TPSA,SAacc,H050,MLOGP,RDCHI,GATS1p,nN,C040,LC50
94,-0.1451839618277013,-0.6484719150991027,-0.5946047638178141,-0.3773789844513748,-1.2369236424189105,-0.6407835854654015,-0.05381034526461813,0.6935909853507874,0.5438076923076913
180,0.9695104659192305,0.22904545285654054,0.0401053066504684,-0.6985143635257095,1.2234650467172645,0.3177167525428995,1.3452586316154542,-0.42352015919649855,-1.1701923076923086
192,-0.6657759217203101,-0.2755691521325073,0.0401053066504684,-0.07551172812150009,-0.6712891435844468,-0.02967622710561175,-0.7533448337046543,-0.42352015919649855,0.0008076923076911768
250,0.08265562425246592,-0.001057885453155439,-0.5946047638178141,1.1523931849572744,0.639623428821606,-1.0870694571306423,-0.05381034526461813,-0.42352015919649855,1.1138076923076916
23,-0.7038208337355834,-0.573393141260132,-0.5946047638178141,-0.6191063425182376,-0.4625141783494091,1.3801814129277623,-0.7533448337046543,-0.42352015919649855,-2.4921923076923087
512,-0.39838682258471747,-0.24141363783522332,-0.5946047638178141,0.6029597454864579,0.6906033621929523,-0.36185491567462613,0.645724143175418,0.6935909853507874,0.05680769230769123
457,-0.08263554715852335,-0.08301960020026365,-0.5946047638178141,0.6134696306197999,1.1445675307854188,-0.10067625214326374,1.3452586316154542,-0.42352015919649855,0.1788076923076911
519,-0.5413239213991621,-0.4164822477957542,0.674815377118751,-0.1140479736104204,-0.7526142753911188,-1.102283748210139,-0.05381034526461813,-0.42352015919649855,0.4258076923076919
5,3.5279770631949208,3.8274987976794215,1.3095254475870333,-1.2456122729668941,2.6084199033055104,0.76400262420814,-0.7533448337046543,4.044924418992646,1.2998076923076916
116,-0.2666267600685453,-0.8901812165300512,0.0401053066504684,-0.8625853481073241,-1.6666116522631165,0.36843105614122235,-0.7533448337046543,-0.42352015919649855,0.7978076923076918
45,-1.1006056223242522,-0.8901812165300512,-0.5946047638178141,0.5515780848345643,-0.49650080059697294,0.5535382642751004,-0.7533448337046543,-0.42352015919649855,0.6088076923076917
311,-0.5413239213991621,-0.4164822477957542,0.674815377118751,0.2374492958491243,-0.6664339118347947,-1.4446052974988182,-0.05381034526461813,-0.42352015919649855,0.39580769230769164
312,-0.5413239213991621,-0.4164822477957542,0.674815377118751,0.5790205626827348,-0.6190954022756877,-1.6880339547707675,-0.05381034526461813,-0.42352015919649855,0.6658076923076912
16,-1.1006056223242522,-0.8901812165300512,-0.5946047638178141,-0.7049370711071962,-1.8547518825621334,-1.1251051848293845,-0.7533448337046543,-0.42352015919649855,-0.13219230769230883
48,-0.4751214756324719,-0.26875820851420407,0.0401053066504684,0.4400565259196591,-0.10929606856222225,-0.6559978765448984,-0.05381034526461813,0.6935909853507874,-0.05019230769230809
204,-0.1157367700418684,-0.1594519230881151,-0.5946047638178141,-0.04748536776592176,-0.5098526879085162,-0.22746201113907086,-0.05381034526461813,-0.42352015919649855,-0.7241923076923085
414,-1.1006056223242522,-0.8901812165300512,-0.5946047638178141,0.9550408974534104,-0.04860567169157187,-0.5824621363273302,-0.7533448337046543,-0.42352015919649855,-1.1891923076923083
3,-0.9022132280299177,-0.7317871788950916,-0.5946047638178141,1.8279452460281929,0.4357036953362199,-1.3609266965615854,-0.7533448337046543,-0.42352015919649855,1.9588076923076914
268,-0.1157367700418684,-0.1594519230881151,-0.5946047638178141,0.1089951442193903,-0.49650080059697294,-1.0515694446118162,-0.05381034526461813,-0.42352015919649855,-0.4541923076923089
340,0.07233835997713765,-0.2994002550675854,-0.5946047638178141,1.4402472611093595,1.276872595963437,1.2001456351537159,-0.7533448337046543,-0.42352015919649855,0.7478076923076911
60,0.8996539890550284,1.379979728686058,0.674815377118751,-0.180026696947511,1.5038546802596702,0.39885963830021604,-0.7533448337046543,-0.42352015919649855,-0.4311923076923083
196,-1.1006056223242522,-0.8901812165300512,-0.5946047638178141,0.5182967819123151,-0.7331933483925106,-0.6179621488461563,-0.7533448337046543,-0.42352015919649855,0.16880769230769133
525,-0.07833668704380314,0.04801546729774844,0.0401053066504684,-0.6605620005441971,0.450269390585176,0.5915739919738423,-0.05381034526461813,-0.42352015919649855,-1.2941923076923083
110,1.3800516068750037,0.1395528215927883,-0.5946047638178141,-0.05799525289926376,0.4551246223348281,0.6676454473713266,-0.05381034526461813,-0.42352015919649855,3.385807692307692
362,0.13058791453159554,0.14217352294274857,1.3095254475870333,-0.11579962113264386,1.1251466037868108,0.09457381671027895,0.645724143175418,-0.42352015919649855,-0.4591923076923088
297,0.17443628770174094,0.45132988549025616,-0.5946047638178141,1.1424671823313401,1.740547228055208,-0.3162120424361356,-0.05381034526461813,1.8107021298980734,4.368807692307691
29,-1.0309640884657858,-0.8451973098417227,-0.5946047638178141,1.2598275663203247,0.8860264401164473,0.705681175070069,-0.05381034526461813,-0.42352015919649855,0.9568076923076916
234,-1.1006056223242522,-0.8901812165300512,-0.5946047638178141,-0.2950515509068635,-1.4493400314661875,-0.7954622114402862,-0.7533448337046543,-0.42352015919649855,-2.2741923076923083
211,-1.1006056223242522,-0.8901812165300512,-0.5946047638178141,-0.3797145144810063,-1.5816450966442057,-1.191033779507204,-0.7533448337046543,-0.42352015919649855,-1.4841923076923087
26,0.07233835997713765,-0.2994002550675854,-0.5946047638178141,1.9429700999875457,1.81823093604964,1.377645697747846,-0.7533448337046543,-0.42352015919649855,2.335807692307691
7,-1.1006056223242522,-0.8901812165300512,-0.5946047638178141,0.5515780848345643,-0.2549530210517838,-0.17421199236083187,-0.7533448337046543,-0.42352015919649855,-0.6641923076923089
181,-0.3429315271048277,-0.25808821016079453,0.674815377118751,-0.6284484626367637,-0.5851087800281233,0.12500239886927267,-0.05381034526461813,-0.42352015919649855,0.8778076923076918
50,-0.2309462211163681,0.33905731172300346,0.674815377118751,-0.9437450166370196,-0.9225473866289403,1.425824286166253,-0.7533448337046543,-0.42352015919649855,-3.5441923076923088
108,1.2844019693224804,-0.690849519895438,-0.5946047638178141,0.44764699851596146,0.5910711113250855,-0.36185491567462613,-0.7533448337046543,-0.42352015919649855,1.6778076923076917
37,-0.2309462211163681,0.33905731172300346,0.674815377118751,1.7123365095614322,0.5740778002013031,-1.386283848360747,-0.7533448337046543,-0.42352015919649855,0.07380769230769157
157,0.3141492414301453,0.272791006159723,-0.5946047638178141,0.799728150482914,1.6446564009995797,0.1402166899487695,1.3452586316154542,-0.42352015919649855,1.9918076923076917
520,1.3813412649094197,0.32627059304847206,1.944235518055316,-1.3337785315854844,-0.3035053385483043,-1.2366766527456945,2.7443276084955266,0.6935909853507874,-0.7581923076923083
118,1.2844019693224804,-0.690849519895438,-0.5946047638178141,-0.5846572745811726,-0.15299315430909072,-0.11081911286292831,-0.7533448337046543,-0.42352015919649855,2.3638076923076916
407,1.3039617828444574,1.1858894347513649,0.0401053066504684,-0.5414499690329894,-0.2355320940531756,-0.8005336418001185,0.645724143175418,-0.42352015919649855,-0.15819230769230863
114,-0.6436367921295013,-0.4724385414547953,0.0401053066504684,0.2940858990676888,0.21964588247670383,0.38618106240063504,-0.05381034526461813,-0.42352015919649855,0.2718076923076911
506,-0.6657759217203101,-0.2755691521325073,0.0401053066504684,0.7559369624273228,-0.551122157780559,-1.7539625494485869,-0.7533448337046543,-0.42352015919649855,0.8458076923076918
203,-0.6657759217203101,-0.2755691521325073,0.0401053066504684,-0.27052848559573245,-0.7404761960169887,-0.20971200487965788,-0.7533448337046543,-0.42352015919649855,-1.0041923076923087
175,-0.4673835274259757,-0.11717511449754768,0.0401053066504684,0.24153647340097953,-0.4188170926025407,-1.0439622990720678,-0.7533448337046543,-0.42352015919649855,0.7628076923076916
380,-0.2309462211163681,0.33905731172300346,0.674815377118751,0.7664468475606645,0.7185209447534517,-0.004319075306450328,-0.7533448337046543,-0.42352015919649855,0.19780769230769124
231,-1.1006056223242522,-0.8901812165300512,-0.5946047638178141,-0.056243605377040054,-1.3680148996595156,-0.5216049720093431,-0.7533448337046543,-0.42352015919649855,-1.4251923076923085
144,1.3660803115021634,-0.06942651187959072,0.0401053066504684,-1.796797359959934,-0.38118904654273716,0.003288070233297818,-0.05381034526461813,0.6935909853507874,0.3658076923076914
194,1.1208303419573793,1.4318609757404903,0.674815377118751,0.045935833419339066,0.6371958129467797,-0.5926049970469949,-0.05381034526461813,-0.42352015919649855,-0.6241923076923088
421,-1.1006056223242522,-0.8901812165300512,-0.5946047638178141,1.423314668394531,0.4126413445253725,-0.8411050846787768,-0.7533448337046543,-0.42352015919649855,1.5168076923076912
434,-0.4936065741257686,-0.8901812165300512,-0.5946047638178141,-0.671071885677539,-1.0451419883076545,-0.9247836856160092,-0.7533448337046543,-0.42352015919649855,-2.3431923076923087
248,-1.1006056223242522,-0.8901812165300512,-0.5946047638178141,2.4217537560620084,0.35559237146696127,-1.4268552912394052,-0.7533448337046543,-0.42352015919649855,3.675807692307691
289,0.27846870247796823,0.4413366616612869,-0.5946047638178141,0.7536014323976913,2.08405487434309,0.36335962578139,2.0447931200554903,1.8107021298980734,0.07080769230769146
415,-0.9338098498731108,-0.8901812165300512,-0.5946047638178141,-0.11696738614745976,0.20872161103998685,0.05400237383162067,0.645724143175418,-0.42352015919649855,0.24580769230769128
507,-1.1006056223242522,-0.8901812165300512,-0.5946047638178141,1.1932649604758256,-0.603315899089318,-1.170748058067875,-0.7533448337046543,-0.42352015919649855,0.7858076923076913
141,0.5116818637015359,0.957355637360052,0.0401053066504684,-0.6868367133775518,1.185837000657461,0.5078953910366099,1.3452586316154542,0.6935909853507874,-1.0901923076923086
416,-0.9022132280299177,-0.7317871788950916,-0.5946047638178141,0.6263150457827732,0.19901114754068275,-0.22999772631898702,-0.7533448337046543,-0.42352015919649855,0.6688076923076913
67,0.07233835997713765,-0.2994002550675854,-0.5946047638178141,1.684894031713262,1.4116052770162812,1.4030028495470073,-0.7533448337046543,-0.42352015919649855,1.6188076923076915
281,0.46160014336504634,0.16564463942865618,0.0401053066504684,-1.1206614163816075,-0.21004212736750247,0.9947527055805087,2.0447931200554903,0.6935909853507874,-2.1921923076923084
227,-1.1006056223242522,-0.8901812165300512,-0.5946047638178141,-0.14090656895118284,-1.3680148996595156,-1.3457124054820886,-0.7533448337046543,-0.42352015919649855,-1.2791923076923086
168,0.8448435225923466,0.05543118815065792,0.0401053066504684,-1.7991328899895656,-0.7271243087054454,0.9389669716223535,-0.05381034526461813,0.6935909853507874,-0.6571923076923083
188,0.7915376571698168,0.3536151637274529,0.674815377118751,0.5036997192271181,0.48789743664497953,0.24925244268516336,2.7443276084955266,-0.42352015919649855,-0.2791923076923082
329,0.47320706567479054,-0.009423970531874716,0.674815377118751,-2.057792840771257,-0.8897745723187891,-1.0972123178503068,0.645724143175418,0.6935909853507874,-0.9951923076923084
429,-0.8235440879305391,-0.6484719150991027,-0.5946047638178141,-0.14966480656230113,-0.2962224909238265,-0.41764064963278125,-0.05381034526461813,-0.42352015919649855,-1.2341923076923087
498,-0.8312820361370354,-0.7317871788950916,-0.5946047638178141,1.2434788561129035,0.22814253803859508,-1.373605272461166,-0.7533448337046543,-0.42352015919649855,0.7488076923076914
193,-1.1006056223242522,-0.8901812165300512,-0.5946047638178141,0.36181626992700305,-0.7331933483925106,0.0793595256307821,-0.7533448337046543,-0.42352015919649855,-1.2401923076923085
81,-0.9022132280299177,-0.7317871788950916,-0.5946047638178141,-0.028217245021461727,-0.45887275453716997,1.831538714952835,-0.7533448337046543,-0.42352015919649855,-1.0641923076923083
109,0.949305823380046,-0.10777226844521783,-0.5946047638178141,0.06462007365639129,0.4696903175837842,0.9186812501830244,0.645724143175418,-0.42352015919649855,3.7998076923076916
287,-0.17119206552175814,-0.03472381817956779,-0.5946047638178141,1.2107814356980622,1.2307478943417425,-0.30860489689638715,1.3452586316154542,-0.42352015919649855,-0.18519230769230877
145,0.9692955229134944,0.579197072235569,0.0401053066504684,-1.6263036677968328,-0.1141513003118743,0.5687525553545973,1.3452586316154542,1.8107021298980734,0.3558076923076916
92,0.8835332636248278,0.13133073109373725,0.674815377118751,-0.07434396310668445,0.6723962431317569,-0.08292624588385075,1.3452586316154542,-0.42352015919649855,2.279807692307691
152,-0.08263554715852335,-0.5858486724014265,0.0401053066504684,-1.250867215533565,-1.093694305804175,0.048930943471788384,0.645724143175418,-0.42352015919649855,-2.5761923076923083
538,1.1747810363971172,-0.6034880084107742,-0.5946047638178141,-0.9922072647518737,-0.5001422244092121,-1.3279623992226757,0.645724143175418,-0.42352015919649855,1.1578076923076912
448,-0.2309462211163681,0.33905731172300346,0.674815377118751,0.9538731324385945,0.7221623685656909,-0.18435485308049646,-0.7533448337046543,-0.42352015919649855,0.6058076923076916
257,-0.5413239213991621,-0.4164822477957542,0.674815377118751,0.2374492958491243,-0.6712891435844468,-1.4446052974988182,-0.05381034526461813,-0.42352015919649855,0.6658076923076912
278,-1.1006056223242522,-0.8901812165300512,-0.5946047638178141,0.9474504248571077,-0.247670173427306,-0.8968908186369317,-0.7533448337046543,-0.42352015919649855,0.24480769230769184
405,0.8691320822405153,0.5712773703538211,-0.5946047638178141,-0.04865313278073765,-0.2355320940531756,-0.37453349157420684,0.645724143175418,-0.42352015919649855,-1.0461923076923085
275,-1.1006056223242522,-0.8901812165300512,-0.5946047638178141,0.6747772938976274,-0.7404761960169887,-1.1580694821682944,-0.7533448337046543,-0.42352015919649855,-0.46019230769230823
103,1.8711963749817793,0.35008729652558324,-0.5946047638178141,-1.069279755729714,0.39564803340159055,0.28982388556382166,-0.7533448337046543,1.8107021298980734,3.5848076923076917
322,0.15036267105930823,0.7834965818687334,0.674815377118751,0.6922937691198637,0.9139440226769466,-0.5799264211474141,0.645724143175418,0.6935909853507874,3.037807692307691
74,1.5412588611770088,2.1414374654291763,1.3095254475870333,-0.8491560504369429,1.289010675337567,1.0911098824173222,1.3452586316154542,0.6935909853507874,-2.1381923076923086
349,1.44969314073347,2.1423446312810857,0.0401053066504684,0.8470226335829524,1.494144216760366,-0.20717628969974172,-0.05381034526461813,1.8107021298980734,-0.26319230769230817
523,-0.664056377674422,-0.4831229392661718,-0.5946047638178141,-1.2403573304002233,-0.9055540755051582,1.3370742548691876,-0.05381034526461813,0.6935909853507874,0.1418076923076912
119,3.0673542019026576,3.9023903785648235,2.5789455885235983,-1.437125735396679,2.672751723988401,1.3167885334298586,-0.05381034526461813,0.6935909853507874,-1.4871923076923084
318,-0.8312820361370354,-0.7317871788950916,-0.5946047638178141,-1.6852758010450288,-1.2478479138556275,1.7782886961745965,-0.7533448337046543,-0.42352015919649855,-2.4321923076923087
338,0.31909293056207355,0.4551601413094289,0.0401053066504684,-0.5688924468811597,-0.5317012307819508,-0.6281050095658208,-0.05381034526461813,-0.42352015919649855,-0.7401923076923085
403,-0.1157367700418684,-0.1594519230881151,-0.5946047638178141,0.14694750720090255,-0.43702421166373545,-0.044890518185108606,-0.05381034526461813,-0.42352015919649855,-0.7861923076923083
462,0.40700461990810044,-0.15713361035545795,1.3095254475870333,-1.5153659913893354,-1.1543847026748257,-0.6991050346034728,0.645724143175418,-0.42352015919649855,-0.8281923076923086
290,0.17443628770174094,0.23591399430671092,-0.5946047638178141,1.4653542089278984,1.8764937170454647,-0.176747707540748,-0.05381034526461813,1.8107021298980734,3.8178076923076922
480,-0.6436367921295013,0.1738091320958401,0.0401053066504684,1.0688979863979469,1.0377524322930738,0.22643100606591834,-0.05381034526461813,-0.42352015919649855,1.0188076923076919
334,-0.36679020074152446,-0.16603247537894933,-0.5946047638178141,-1.3115909963039847,-0.8351532151352035,1.1697170529947227,-0.7533448337046543,-0.42352015919649855,-0.9761923076923087
437,4.892005377595622,5.0595452202360045,2.5789455885235983,-1.5433923517449137,4.747149489027238,1.3320028245093554,6.941534539135743,11.864702430823646,0.014807692307691411
310,0.3612217596863311,0.4431077949912051,1.3095254475870333,-1.521204816463414,-0.4345965957889097,-0.35171205495496155,1.3452586316154542,0.6935909853507874,-0.9891923076923086
36,1.7456696596319512,1.9368931650105758,0.674815377118751,1.2586598013055084,2.9810589400913057,0.1402166899487695,2.0447931200554903,-0.42352015919649855,0.6758076923076919
139,1.2972985496666412,0.5411249053713115,0.674815377118751,-0.9717713769925979,1.0899461736018334,0.39885963830021604,2.0447931200554903,-0.42352015919649855,-2.0791923076923085
253,-0.6657759217203101,-0.2755691521325073,0.0401053066504684,0.08096878386381197,-0.6712891435844468,-0.7472836230218796,-0.7533448337046543,-0.42352015919649855,0.9268076923076913
321,-0.5353055172385539,0.27653486523109483,-0.5946047638178141,1.7969994731355754,1.7089882216824692,-0.10321196732317989,-0.7533448337046543,0.6935909853507874,3.3478076923076916
59,-0.04373086312030605,-0.09176007118612006,-0.5946047638178141,1.0776562240090655,0.9722068036727713,0.02610950685254338,1.3452586316154542,-0.42352015919649855,-0.04419230769230875
111,0.672244288986333,-0.3494815698761663,-0.5946047638178141,0.5200484294345388,0.33738525240576595,0.35575248024164136,-0.05381034526461813,-0.42352015919649855,4.084807692307692
298,0.17443628770174094,0.23591399430671092,-0.5946047638178141,1.0467104511164478,1.7065606058076435,-0.6889621738838082,-0.05381034526461813,1.8107021298980734,5.282807692307692
291,0.17443628770174094,0.8821616678573465,-0.5946047638178141,1.1062664668720514,1.921404610729746,-0.09560482178343145,-0.05381034526461813,1.8107021298980734,3.9138076923076923
262,-0.4673835274259757,-0.11717511449754768,0.0401053066504684,0.8873105265940961,0.4357036953362199,-1.0591765901515648,-0.7533448337046543,-0.42352015919649855,1.3448076923076915
410,-0.1157367700418684,-0.1594519230881151,-0.5946047638178141,0.30342801918621487,-0.46979702597388695,-0.7751764900009571,-0.05381034526461813,-0.42352015919649855,-0.15319230769230874
150,-0.2767290813381376,-0.11036417087924442,0.0401053066504684,-0.058579135406671576,0.23906680947531206,-0.04996194854494089,-0.05381034526461813,-0.42352015919649855,1.1778076923076917
266,-0.20708754747967134,-0.06538026419091586,0.0401053066504684,0.5007803066900788,0.9272959099884894,-0.044890518185108606,0.645724143175418,-0.42352015919649855,0.2278076923076915
544,-0.818170512787139,-0.7532855696395456,-0.5946047638178141,0.3133540218121488,0.10433412842246748,-0.519069256829427,-0.7533448337046543,-0.42352015919649855,0.2308076923076916
38,-1.1006056223242522,-0.8901812165300512,-0.5946047638178141,1.8279452460281929,0.37501329846556947,-0.7523550533817118,-0.7533448337046543,-0.42352015919649855,2.093807692307691
356,0.13596148967499572,0.7011316822985544,0.674815377118751,-0.3966471071958348,-0.5317012307819508,-0.5520335541683368,-0.7533448337046543,0.6935909853507874,-1.6961923076923084
198,-0.8235440879305391,-0.6484719150991027,-0.5946047638178141,0.1971614028379805,-0.1457103066846129,-0.14124769502192203,-0.05381034526461813,-0.42352015919649855,-1.1461923076923086
411,-0.1157367700418684,-0.1594519230881151,-0.5946047638178141,0.4599085311715269,-0.46979702597388695,-1.4040338546201598,-0.05381034526461813,-0.42352015919649855,-0.1441923076923084
146,0.9028781341410682,0.8102075763971743,0.0401053066504684,-1.441796795455942,-0.21004212736750247,1.5526100451620595,0.645724143175418,-0.42352015919649855,1.1358076923076919
447,-0.12605403431719667,-0.3990733031138754,-0.5946047638178141,-0.5986704547589617,-0.5899640117777754,2.2854317321578246,-0.7533448337046543,-0.42352015919649855,-1.9351923076923083
147,0.5327462782636644,0.17212439551372274,0.0401053066504684,-0.8964505335369812,-0.3180710337972605,0.38871677758055145,0.645724143175418,-0.42352015919649855,0.7868076923076917
355,1.1360912953646358,1.836212154906609,1.3095254475870333,-0.22965671007718075,0.8119841559342535,-0.02714051192569589,-0.7533448337046543,1.8107021298980734,-0.5771923076923082
323,-0.21654503973205558,-0.009423970531874716,0.674815377118751,0.9725573726756468,0.7779975336866892,-1.026212292812655,0.645724143175418,-0.42352015919649855,2.7138076923076913
123,-0.5413239213991621,-0.4164822477957542,0.674815377118751,-0.07551172812150009,-0.5729707006539929,-0.10067625214326374,-0.05381034526461813,-0.42352015919649855,1.3658076923076914
420,-1.1006056223242522,-0.8901812165300512,-0.5946047638178141,1.8851657317541652,0.8532536258062957,-0.8689979516578543,-0.7533448337046543,-0.42352015919649855,1.239807692307691
96,0.1062993548834267,-0.37148394164945886,0.674815377118751,-0.22031458995865463,-0.08137848600172336,-0.5748549907875818,0.645724143175418,-0.42352015919649855,-1.4131923076923085
143,0.6978225066689178,0.32202275294826177,0.0401053066504684,-1.1521910717816333,-0.15906219399615618,2.688610445764491,-0.05381034526461813,0.6935909853507874,0.9958076923076913
239,-0.6657759217203101,-0.2755691521325073,0.0401053066504684,0.9264306545904241,-0.49528699265956005,-1.9035697450636393,-0.7533448337046543,-0.42352015919649855,0.7958076923076911
518,-0.5413239213991621,-0.4164822477957542,0.674815377118751,-0.1140479736104204,-0.7404761960169887,-1.102283748210139,-0.05381034526461813,-0.42352015919649855,1.3438076923076911
97,0.24773185265771921,0.3536151637274529,0.674815377118751,-0.02880112752886954,-0.060743751065701734,0.5636811249947651,2.7443276084955266,-0.42352015919649855,-1.4331923076923085
450,-0.7336979115328883,-0.5281068459545002,-0.5946047638178141,-0.514007491184819,-0.8351532151352035,1.3903242736474268,-0.7533448337046543,-0.42352015919649855,-0.7251923076923088
293,0.17443628770174094,0.23591399430671092,-0.5946047638178141,0.9252628895756084,1.7065606058076435,-0.3136763272562194,-0.05381034526461813,1.8107021298980734,4.298807692307692
399,1.7953214939569688,1.4070507096636693,0.674815377118751,-0.3931438121513875,-0.0012671621324642365,-0.5418906934486722,1.3452586316154542,0.6935909853507874,-1.6261923076923086
122,-0.038572230982641995,0.13477220154780598,0.0401053066504684,1.423898550901939,1.2246788546546774,0.29235960074373807,0.645724143175418,1.8107021298980734,-0.4571923076923081
183,-0.9022132280299177,-0.7317871788950916,-0.5946047638178141,-0.27052848559573245,-0.6542958324606646,0.3354667588023122,-0.7533448337046543,-0.42352015919649855,-1.3321923076923086
202,-0.5413239213991621,-0.4164822477957542,0.674815377118751,-0.27052848559573245,-0.7404761960169887,-0.2908548906369742,-0.05381034526461813,-0.42352015919649855,0.40380769230769165
246,-0.5413239213991621,-0.4164822477957542,0.674815377118751,0.5790205626827348,-0.603315899089318,-1.6880339547707675,-0.05381034526461813,-0.42352015919649855,-0.0031923076923083826
346,-0.4512628019957752,-0.36971280831954056,-0.5946047638178141,-0.0334721875881326,-0.22339401467904574,-0.2756405995574773,-0.7533448337046543,0.6935909853507874,-0.7321923076923085
336,0.5707911902789378,1.3157437466960982,1.3095254475870333,-1.029575745225978,-0.474652257723539,-0.6712121676243953,-0.7533448337046543,-0.42352015919649855,-1.0951923076923085
400,1.3039617828444574,1.1858894347513649,0.0401053066504684,-0.3353394439180073,-0.18333835274441643,-0.48864067467043326,0.645724143175418,-0.42352015919649855,0.025807692307691532
408,0.8691320822405153,0.5712773703538211,-0.5946047638178141,-0.25476365789571975,-0.2925810671115873,-0.6661407372645629,0.645724143175418,-0.42352015919649855,-1.1731923076923083
451,-1.1006056223242522,-0.8901812165300512,-0.5946047638178141,1.0980921117683413,-0.6445853689613605,1.504431456743653,-0.7533448337046543,-0.42352015919649855,0.7058076923076912
320,0.5097473766499118,1.1082187584783674,0.0401053066504684,0.48910265654192114,0.3628752190914391,0.27460959448432476,0.645724143175418,0.6935909853507874,0.5368076923076917
125,0.5720808483133536,0.5406209243424729,1.944235518055316,0.42370781571223837,0.34588190796765717,-0.6103550033064078,2.0447931200554903,-0.42352015919649855,-0.13219230769230883
342,-0.1866679619347506,-0.25209803564659966,-0.5946047638178141,-0.49590713345517456,-0.34841623223258567,0.32025246772281535,-0.7533448337046543,-0.42352015919649855,-0.6921923076923084
223,0.210116826653918,-0.0059968995357727655,-0.5946047638178141,0.646167051034641,0.26819819997322436,0.1224666836893568,-0.7533448337046543,-0.42352015919649855,0.5358076923076913
477,0.5327462782636644,0.17212439551372274,0.0401053066504684,-1.3226847639447346,-0.5280598069697116,0.23150243642575064,0.645724143175418,0.6935909853507874,2.199807692307692
219,-1.1006056223242522,-0.8901812165300512,-0.5946047638178141,-0.056243605377040054,-1.5330927791476854,3.7231822391702756,-0.7533448337046543,-0.42352015919649855,-1.1211923076923087
129,-0.2715704492004734,-0.8001990036954273,-0.5946047638178141,-1.0114753874963338,-1.0050863263730252,0.4013953534801319,0.645724143175418,-0.42352015919649855,-2.5321923076923083
479,0.1062993548834267,-0.37148394164945886,0.674815377118751,-1.5153659913893354,-1.1762332455482598,-0.394819213013536,0.645724143175418,-0.42352015919649855,-0.9391923076923083
325,-0.36679020074152446,-0.16603247537894933,-0.5946047638178141,-0.5297723188848317,-0.551122157780559,0.19346670872700877,-0.7533448337046543,-0.42352015919649855,0.23680769230769183
533,-0.5961343878618439,-0.23057084598621197,0.0401053066504684,-1.403260549967022,-1.1543847026748257,2.4578603643921215,-0.05381034526461813,-0.42352015919649855,-1.8051923076923084
431,-0.4936065741257686,-0.8901812165300512,-0.5946047638178141,0.907162531845964,0.10433412842246748,-0.9628194133147513,-0.7533448337046543,-0.42352015919649855,0.8328076923076919
483,0.3397274591127304,0.13133073109373725,0.674815377118751,-0.7417216690738926,0.17959022054207455,0.26700244894457664,1.3452586316154542,-0.42352015919649855,1.3548076923076913
404,0.44354493088322167,0.31424704564618205,0.674815377118751,-0.20630140978086547,-0.43702421166373545,-1.2696409500846042,0.645724143175418,-0.42352015919649855,-0.2751923076923086
332,2.8291973515471622,3.6537261389359035,2.5789455885235983,-0.38555333955508514,4.009154263080127,0.8096454974466306,-0.7533448337046543,0.6935909853507874,-0.8801923076923086
294,1.353828560175211,0.5591530267457633,1.3095254475870333,-0.8765985282851132,0.645692468508671,0.12753811404918908,3.443862096935563,0.6935909853507874,-2.2311923076923086
428,-0.8235440879305391,-0.6484719150991027,-0.5946047638178141,0.4254594632344621,0.2414944253501378,-0.5875335666871625,-0.05381034526461813,-0.42352015919649855,0.08680769230769148
384,-0.6657759217203101,-0.2755691521325073,0.0401053066504684,0.4698345337974609,0.050926579176294916,-0.595140712226911,-0.7533448337046543,-0.42352015919649855,0.6158076923076914
439,-0.7336979115328883,-0.5281068459545002,-0.5946047638178141,-1.301081111170643,-1.4493400314661875,0.7513240483085596,-0.7533448337046543,-0.42352015919649855,1.2288076923076918
112,1.2844019693224804,-0.690849519895438,-0.5946047638178141,-0.2051336447660497,-0.009763817694355461,-0.04996194854494089,-0.7533448337046543,-0.42352015919649855,3.4428076923076922
179,-0.20708754747967134,-0.06538026419091586,0.0401053066504684,-0.2827900182512979,0.10069270461022885,0.36335962578139,0.645724143175418,-0.42352015919649855,-1.6091923076923087
348,-0.2672715890857532,-0.5711468258173089,-0.5946047638178141,0.26664342121951823,0.13467932685779266,-0.4379263710721104,-0.7533448337046543,-0.42352015919649855,-0.7631923076923082
383,-0.6657759217203101,-0.2755691521325073,0.0401053066504684,-0.1140479736104204,-0.7526142753911188,-1.0109980017331581,-0.7533448337046543,-0.42352015919649855,-0.5261923076923081
374,1.8752802920907634,3.1595943393466968,3.2136556589918808,-0.514007491184819,1.6385873613125148,0.4394310811788743,-0.7533448337046543,-0.42352015919649855,0.5268076923076919
314,0.01795777952592788,0.05721672093854286,1.944235518055316,-0.8345589877517458,-0.7404761960169887,-0.7599621989214602,0.645724143175418,-0.42352015919649855,-0.5011923076923086
151,0.40700461990810044,-0.15713361035545795,1.3095254475870333,-1.8184010127340258,-1.3680148996595156,-0.9754979892143321,0.645724143175418,-0.42352015919649855,-0.7851923076923084
449,-1.1006056223242522,-0.8901812165300512,-0.5946047638178141,0.6741934113902194,-0.8145184801991824,1.0074312814800896,-0.7533448337046543,-0.42352015919649855,0.05480769230769145
233,-1.1006056223242522,-0.8901812165300512,-0.5946047638178141,-0.14090656895118284,-1.2369236424189105,-0.8791408123775186,-0.7533448337046543,-0.42352015919649855,-0.44219230769230844
509,-1.1006056223242522,-0.8901812165300512,-0.5946047638178141,2.2827897192989326,0.28883293490924544,-1.3659981269214176,-0.7533448337046543,-0.42352015919649855,2.744807692307692
352,1.3742481457201317,2.084876394535529,1.3095254475870333,-2.038524718026797,-0.23674590199058848,1.177324198534471,-0.05381034526461813,2.9278132744453598,-2.0281923076923083
164,-0.4673835274259757,-0.11717511449754768,0.0401053066504684,-1.403260549967022,-1.1543847026748257,2.3336103205762306,-0.7533448337046543,-0.42352015919649855,-4.174192307692309
317,1.6854856180258697,1.497738495938667,3.2136556589918808,0.22226835065651923,0.667541011382105,-0.6509264461850661,4.143396585375599,-0.42352015919649855,-0.3601923076923086
136,2.8031892478531057,3.7878138915228803,3.8483657294601636,-1.8668632608488798,1.2950797150246325,-0.21985486559932244,0.645724143175418,0.6935909853507874,1.6658076923076912
197,-0.6657759217203101,-0.2755691521325073,0.0401053066504684,-0.27052848559573245,-0.7331933483925106,-0.20971200487965788,-0.7533448337046543,-0.42352015919649855,-1.0541923076923085
258,-0.6657759217203101,-0.2755691521325073,0.0401053066504684,0.2374492958491243,-0.6712891435844468,-1.3482481206620047,-0.7533448337046543,-0.42352015919649855,0.032807692307691205
232,-0.8312820361370354,-0.7317871788950916,-0.5946047638178141,-1.1177420038445682,-1.0184382136845682,0.015966646132878813,-0.7533448337046543,-0.42352015919649855,-1.1771923076923083
115,0.542203770516049,-0.7905081684837613,-0.5946047638178141,0.23394600080467687,0.03029184424027383,-0.49878353539009784,-0.7533448337046543,-0.42352015919649855,2.718807692307691
120,2.7700880249697604,3.585314314135568,2.5789455885235983,-1.2724708683076569,2.763787319294376,1.433431431706001,0.645724143175418,0.6935909853507874,-0.9691923076923086
396,2.449178117405902,1.7866348211268666,-0.5946047638178141,-1.020233625107452,0.09705128079798968,1.9710030498482227,1.3452586316154542,-0.42352015919649855,-0.9141923076923084
224,-0.8312820361370354,-0.7317871788950916,-0.5946047638178141,1.1045148193498282,0.1929421078536173,-1.3381052599423402,-0.7533448337046543,-0.42352015919649855,1.4458076923076915
535,-0.6657759217203101,-0.2755691521325073,0.0401053066504684,0.7559369624273228,-0.551122157780559,-1.7539625494485869,-0.7533448337046543,-0.42352015919649855,1.3458076923076918
381,-0.6657759217203101,-0.2755691521325073,0.0401053066504684,0.18373210516759916,-0.22339401467904574,-0.6940336042436405,-0.7533448337046543,-0.42352015919649855,-0.15419230769230818
347,0.19184667116635756,0.21062854611698464,-0.5946047638178141,-0.02004288991775151,0.3883651857771122,1.4182171406265043,2.0447931200554903,-0.42352015919649855,-1.5441923076923083
127,-0.5944148438159558,-0.4381246331198764,-0.5946047638178141,-1.2625448656817226,-1.0050863263730252,2.688610445764491,0.645724143175418,-0.42352015919649855,-3.1631923076923085
536,-0.6657759217203101,-0.2755691521325073,0.0401053066504684,0.5790205626827348,-0.6081711308389701,-1.5789982020343734,-0.7533448337046543,-0.42352015919649855,0.6968076923076918
285,0.3119998113727853,0.5680662912272214,0.674815377118751,-1.492594573600428,-0.6712891435844468,0.1503595506684341,0.645724143175418,0.6935909853507874,-1.0481923076923083
494,-0.1157367700418684,-0.1594519230881151,-0.5946047638178141,-0.04748536776592176,-0.49650080059697294,-0.22746201113907086,-0.05381034526461813,-0.42352015919649855,-0.7541923076923087
470,0.6763282060953171,-0.20697013437860295,0.0401053066504684,0.8318416883903473,0.4939664763320445,1.2204313565930451,-0.05381034526461813,-0.42352015919649855,3.348807692307691
107,1.0572072122595213,0.4313290383743509,-0.5946047638178141,0.21000681800095378,0.4551246223348281,2.006503062367049,-0.05381034526461813,-0.42352015919649855,4.3768076923076915
422,-1.1006056223242522,-0.8901812165300512,-0.5946047638178141,1.1734129552239578,0.20872161103998685,-0.6940336042436405,-0.7533448337046543,-0.42352015919649855,0.6418076923076912
369,-0.26899113313164136,0.04121892313741207,0.0401053066504684,-1.4312869103226005,-0.45887275453716997,2.3817889089946376,-0.7533448337046543,-0.42352015919649855,-3.2341923076923083
133,1.9090263439913169,0.8263637682359403,1.944235518055316,-1.8300786628821832,-0.060743751065701734,-0.2680334540177289,1.3452586316154542,-0.42352015919649855,2.6138076923076916
527,0.5028692004663594,1.0632060528741056,0.674815377118751,-1.6187131952005305,-0.8557879500712248,0.1097881077897758,-0.7533448337046543,1.8107021298980734,-2.0001923076923087
44,-1.1006056223242522,-0.8901812165300512,-0.5946047638178141,0.5515780848345643,-0.49650080059697294,0.5535382642751004,-0.7533448337046543,-0.42352015919649855,0.10280769230769149
169,0.7786410768256565,-0.09229285113089218,0.674815377118751,-2.069470490919415,-1.1568123185496517,0.8375383644257084,-0.05381034526461813,-0.42352015919649855,1.8538076923076918
65,0.029994587847144316,0.15075559989097007,-0.5946047638178141,1.4098853707241499,1.673787791497492,1.4283600013461688,-0.7533448337046543,1.8107021298980734,0.9848076923076912
283,0.22817203913574266,0.16564463942865618,-0.5946047638178141,-0.9262285414147832,-0.14935173049685208,1.3041099575302781,2.0447931200554903,0.6935909853507874,-1.7361923076923085
85,-0.12025057316232456,-0.4831229392661718,-0.5946047638178141,-0.2051336447660497,-0.2840844115496961,0.6169311437730037,-0.05381034526461813,-0.42352015919649855,-0.15619230769230885
242,-0.6657759217203101,-0.2755691521325073,0.0401053066504684,0.4225400506974225,-0.6081711308389701,-1.0896051723105584,-0.7533448337046543,-0.42352015919649855,0.8678076923076912
186,0.5273727031202642,0.45896159821266785,1.3095254475870333,-0.07434396310668445,2.2297118268326517,0.13768097476885366,0.645724143175418,-0.42352015919649855,0.36780769230769117
438,-1.1006056223242522,-0.8901812165300512,-0.5946047638178141,0.6140535131272077,-0.5499083498431455,0.4368953659989579,-0.7533448337046543,-0.42352015919649855,-0.9721923076923087
159,0.5471474596479768,0.6694384753135957,0.674815377118751,-0.13740327390673543,1.1409261069731798,0.26700244894457664,0.645724143175418,-0.42352015919649855,-0.11219230769230837
12,0.3969022986385081,0.512829970466521,-0.5946047638178141,0.4669151212604215,1.4504471310134976,0.5788954160742619,-0.7533448337046543,1.8107021298980734,2.606807692307692
35,0.765314610470024,0.8580857741368326,1.3095254475870333,-0.9419933691147959,0.49760790014428363,0.9744669841411795,0.645724143175418,-0.42352015919649855,-1.8061923076923083
28,-0.29886821092894633,0.08650521844304367,0.0401053066504684,0.5299744320604728,0.12375505542107569,0.3405381891621445,-0.7533448337046543,0.6935909853507874,-0.4091923076923081
170,1.3800516068750037,0.1395528215927883,-0.5946047638178141,-0.23549553515125957,0.23299776978824713,0.6575025866516621,-0.05381034526461813,-0.42352015919649855,2.9068076923076918
142,0.272235355311624,-0.8001990036954273,-0.5946047638178141,-1.2403573304002233,-0.6712891435844468,-0.44046208625202654,0.645724143175418,-0.42352015919649855,0.7058076923076912
490,-0.320792397514019,-0.5711468258173089,-0.5946047638178141,-1.5410568217152822,-1.5816450966442057,0.76400262420814,-0.7533448337046543,-0.42352015919649855,-4.269192307692308
386,0.22172374896366254,-0.28641194398151865,-0.5946047638178141,0.6566769361679831,-0.2683049083633271,-0.9374622615155899,-0.05381034526461813,1.8107021298980734,0.16780769230769188
221,-1.1006056223242522,-0.8901812165300512,-0.5946047638178141,0.7214878944902577,-0.6676477197722079,-0.0803905307039346,-0.7533448337046543,-0.42352015919649855,1.9558076923076912
95,0.1062993548834267,-0.37148394164945886,0.674815377118751,-1.0114753874963338,-0.787814705576096,-0.07785481552401874,0.645724143175418,-0.42352015919649855,-1.9261923076923084
51,-1.1006056223242522,-0.8901812165300512,-0.5946047638178141,-0.056243605377040054,-1.3680148996595156,-0.5216049720093431,-0.7533448337046543,-0.42352015919649855,-1.1331923076923087
240,-1.1006056223242522,-0.8901812165300512,-0.5946047638178141,2.2827897192989326,0.24270823328755123,-1.3659981269214176,-0.7533448337046543,-0.42352015919649855,2.845807692307692
424,-0.818170512787139,-0.7532855696395456,-0.5946047638178141,0.8295061583607157,0.5667949525768252,-0.630640724745737,-0.7533448337046543,-0.42352015919649855,-0.027192307692308404
351,-0.29886821092894633,0.08650521844304367,0.0401053066504684,1.2995315768240603,0.6954585939426043,0.26700244894457664,-0.7533448337046543,0.6935909853507874,-0.2041923076923089
433,-0.8235440879305391,-0.6484719150991027,-0.5946047638178141,-1.0827090534000954,-0.8837055326317239,0.015966646132878813,-0.05381034526461813,-0.42352015919649855,-2.9491923076923086
178,-0.3429315271048277,-0.25808821016079453,0.674815377118751,-0.6284484626367637,-0.5729707006539929,0.12500239886927267,-0.05381034526461813,-0.42352015919649855,0.8068076923076912
467,-0.5353055172385539,-0.36971280831954056,-0.5946047638178141,-1.0138109175259653,-1.1543847026748257,2.153574542802185,-0.7533448337046543,0.6935909853507874,-2.6741923076923086
41,-1.1006056223242522,-0.8901812165300512,-0.5946047638178141,0.5469070247753013,-0.582681164153297,0.20107385426675692,-0.7533448337046543,-0.42352015919649855,-0.9921923076923087
497,-0.5413239213991621,-0.4164822477957542,0.674815377118751,-0.27052848559573245,-0.7526142753911188,-0.2908548906369742,-0.05381034526461813,-0.42352015919649855,0.5478076923076918
442,-0.16839780644719016,-0.007638437743989683,-0.5946047638178141,0.7611919049939937,1.0256143529189439,0.20107385426675692,-0.7533448337046543,0.6935909853507874,0.7768076923076919
206,-1.1006056223242522,-0.8901812165300512,-0.5946047638178141,0.36181626992700305,-0.7526142753911188,0.0793595256307821,-0.7533448337046543,-0.42352015919649855,-0.9731923076923086
392,-0.005900894110768874,-0.8901812165300512,-0.5946047638178141,-1.0336629227778333,-0.05224709550381105,0.29235960074373807,1.3452586316154542,-0.42352015919649855,-2.2241923076923085
282,-0.6277310097050369,0.16313913374243055,-0.5946047638178141,0.9696379601386074,1.0960152132888983,-0.2046405745198256,-0.05381034526461813,-0.42352015919649855,0.13580769230769185
358,-0.00568595110503291,0.2060783173994714,0.0401053066504684,0.8452709860607286,0.6833205145684745,0.12500239886927267,1.3452586316154542,-0.42352015919649855,-0.7541923076923087
397,1.4643092651235183,1.0527520463901983,-0.5946047638178141,-1.187224022226106,0.07156131411231653,2.4274317822331284,0.645724143175418,-0.42352015919649855,-1.4251923076923085
254,-1.1006056223242522,-0.8901812165300512,-0.5946047638178141,0.8598680487459256,-0.6712891435844468,-0.9501408374151706,-0.7533448337046543,-0.42352015919649855,0.6558076923076914
471,1.6925787372151575,-0.4505657648032041,-0.5946047638178141,-0.6874205958849596,0.13225171098296692,1.0454670091788316,-0.7533448337046543,-0.42352015919649855,4.385807692307692
4,-0.9022132280299177,-0.7317871788950916,-0.5946047638178141,1.019267973268277,0.27912247140994134,-0.8537836605783575,-0.7533448337046543,-0.42352015919649855,1.2148076923076916
256,-1.1006056223242522,-0.8901812165300512,-0.5946047638178141,1.0163485607312377,-0.6712891435844468,-1.3507838358419209,-0.7533448337046543,-0.42352015919649855,0.06580769230769157
511,-0.00568595110503291,0.2060783173994714,0.0401053066504684,0.9871544353608437,0.8374741226199267,0.18332384800734422,1.3452586316154542,-0.42352015919649855,0.25580769230769107
100,1.2132558344238624,1.6861266045185013,-0.5946047638178141,1.1074342318868675,1.7199124931191863,0.11739525332952451,-0.05381034526461813,1.8107021298980734,0.26580769230769175
226,-1.1006056223242522,-0.8901812165300512,-0.5946047638178141,1.837287366146719,0.054568002988534085,-1.4369981519590693,-0.7533448337046543,-0.42352015919649855,1.8588076923076917
486,1.5803784882209622,0.0782831279439926,-0.5946047638178141,-0.7604059093109449,0.5352359462040867,-0.2173191504194063,-0.05381034526461813,1.8107021298980734,0.8358076923076911
213,-0.7336979115328883,-0.5281068459545002,-0.5946047638178141,-0.514007491184819,-1.2369236424189105,0.3177167525428995,-0.7533448337046543,0.6935909853507874,-2.1881923076923084
481,1.1253441450778356,1.0361062729805606,-0.5946047638178141,0.4937737166011842,1.8534313662346174,0.3075738918232349,1.3452586316154542,1.8107021298980734,1.6248076923076917
171,1.3800516068750037,0.1395528215927883,-0.5946047638178141,-0.4205862899995579,0.1929421078536173,0.6498954411119139,-0.05381034526461813,-0.42352015919649855,2.5768076923076917
98,0.7590812633036796,0.8008479287187448,0.674815377118751,-0.17010069432157682,0.1832316443543132,0.42168107491946105,3.443862096935563,0.6935909853507874,1.6828076923076916
292,0.17443628770174094,0.23591399430671092,-0.5946047638178141,1.4431666736463988,1.774533850302772,-0.9805694195741643,-0.05381034526461813,1.8107021298980734,5.180807692307692
215,-1.1006056223242522,-0.8901812165300512,-0.5946047638178141,0.3705745075381211,-1.2369236424189105,-1.264569519724772,-0.7533448337046543,-0.42352015919649855,-0.5781923076923086
61,-1.1006056223242522,-0.8901812165300512,-0.5946047638178141,0.4762572413789476,-1.2369236424189105,1.6946100952373635,-0.7533448337046543,-0.42352015919649855,-0.8941923076923084
406,0.8691320822405153,0.5712773703538211,-0.5946047638178141,0.10782737920457466,-0.2355320940531756,-1.2392123679256106,0.645724143175418,-0.42352015919649855,0.6378076923076916
47,-0.7336979115328883,-0.5281068459545002,-0.5946047638178141,-1.5410568217152822,-1.6666116522631165,1.7960387024340092,-0.7533448337046543,-0.42352015919649855,-4.214192307692309
32,-1.1006056223242522,-0.6747653253465061,-0.5946047638178141,-0.1730201068586164,-1.5330927791476854,-0.7853193507206216,-0.7533448337046543,-0.42352015919649855,-1.1871923076923085
417,-1.1006056223242522,-0.8901812165300512,-0.5946047638178141,0.907162531845964,0.013298533116491918,-0.4937121050302655,-0.7533448337046543,-0.42352015919649855,0.1448076923076913
267,-0.1866679619347506,-0.25209803564659966,-0.5946047638178141,1.415140313290821,0.45755223820965385,-0.2933906058168903,-0.7533448337046543,-0.42352015919649855,-0.053192307692308205
327,0.15036267105930823,0.35265040004367637,0.674815377118751,0.7763728501865987,1.2489550134029377,0.5205739669361908,0.645724143175418,1.8107021298980734,-0.5151923076923088
200,-0.4936065741257686,-0.8901812165300512,-0.5946047638178141,0.494357599108592,-0.3520576560448248,-0.8132122176996992,-0.7533448337046543,-0.42352015919649855,-0.7391923076923081
508,-0.1157367700418684,-0.1594519230881151,-0.5946047638178141,0.4599085311715269,-0.4540175227875179,-1.4040338546201598,-0.05381034526461813,-0.42352015919649855,-0.5131923076923082
27,1.4404505914868218,2.5449822749491533,2.5789455885235983,-0.07084066806223703,1.58032458031669,0.4622525177981193,-0.7533448337046543,-0.42352015919649855,1.6598076923076919
444,-0.2309462211163681,0.33905731172300346,0.674815377118751,-0.9437450166370196,-1.0184382136845682,1.425824286166253,-0.7533448337046543,-0.42352015919649855,-3.5441923076923088
230,-1.1006056223242522,-0.8901812165300512,-0.5946047638178141,0.16446398242313914,-1.3328144694745385,-1.335569544762424,-0.7533448337046543,-0.42352015919649855,-0.9221923076923084
260,-1.1006056223242522,-0.8901812165300512,-0.5946047638178141,2.1409062699988173,0.24877727297461616,-1.2747123804444367,-0.7533448337046543,-0.42352015919649855,2.2248076923076914
378,0.31909293056207355,0.4551601413094289,0.0401053066504684,-0.5688924468811597,-0.49650080059697294,-0.6281050095658208,-0.05381034526461813,-0.42352015919649855,-0.7481923076923085
288,-0.24685200354083264,0.059765424998669124,0.0401053066504684,0.5644234999975378,1.5038546802596702,0.2467167275052475,-0.05381034526461813,-0.42352015919649855,0.9898076923076911
418,-0.7612106162670972,-0.8901812165300512,0.0401053066504684,0.3133540218121488,0.10433412842246748,-0.7092478953231374,-0.05381034526461813,-0.42352015919649855,-0.06419230769230833
162,0.0996361217056106,0.19573950657929853,-0.5946047638178141,-0.24250212524015413,0.4417727350232848,1.0327884332792512,-0.05381034526461813,1.8107021298980734,-1.2281923076923085
391,0.27889858848944044,-0.8901812165300512,-0.5946047638178141,-1.38457630972997,-1.6666116522631165,1.1874670592541354,-0.7533448337046543,0.6935909853507874,-0.2041923076923089
516,-0.5413239213991621,-0.4164822477957542,0.674815377118751,0.2374492958491243,-0.6712891435844468,-1.4446052974988182,-0.05381034526461813,-0.42352015919649855,0.6728076923076918
138,0.21806971786615037,-0.37148394164945886,0.674815377118751,-0.4054053448069531,-0.360554311606716,-0.7143193256829696,0.645724143175418,-0.42352015919649855,-1.4661923076923085
62,-0.29886821092894633,0.08650521844304367,0.0401053066504684,-0.774419089488734,-0.9492511612520267,1.3066456727101938,-0.7533448337046543,0.6935909853507874,-1.4061923076923084
135,2.8031892478531057,3.7878138915228803,3.8483657294601636,-1.584848009770873,1.3363491848966746,-0.42778351035244583,0.645724143175418,0.6935909853507874,-1.1911923076923085
128,0.15810061926580446,0.20367360791901337,-0.5946047638178141,-0.3937276946587955,0.19536972372844358,1.6312172157394602,2.0447931200554903,-0.42352015919649855,2.2728076923076914
529,2.245627090973904,3.106561135654919,1.944235518055316,-2.1488785119268865,0.6129196541985195,1.319324248609775,0.645724143175418,4.044924418992646,-1.6611923076923083
8,-1.1006056223242522,-0.8901812165300512,-0.5946047638178141,-0.14908092405489307,-0.8837055326317239,0.5535382642751004,-0.7533448337046543,-0.42352015919649855,-0.8231923076923087
326,-0.36679020074152446,-0.16603247537894933,-0.5946047638178141,-0.052156427825184815,-0.13721365112272169,-0.42017636481269743,-0.7533448337046543,-0.42352015919649855,0.7808076923076914
344,0.0759923910746498,-0.325045689706482,-0.5946047638178141,0.4628279437085665,0.21600445866446466,-0.2173191504194063,-0.7533448337046543,-0.42352015919649855,1.3108076923076917
64,-0.6657759217203101,-0.2755691521325073,0.0401053066504684,-0.028217245021461727,-0.6348749054620567,1.4308957165260852,-0.7533448337046543,-0.42352015919649855,-1.6491923076923083
300,-0.035133142890865804,0.04045575186517074,-0.5946047638178141,-1.507191636285625,-0.6542958324606646,0.18078813282742778,1.3452586316154542,0.6935909853507874,-1.4241923076923086
14,0.8798792325273156,0.6519575333418827,0.0401053066504684,1.1401316523017089,1.9978745107867666,0.3608239106014736,-0.05381034526461813,0.6935909853507874,-0.6521923076923084
156,0.39281838152952403,1.1583144727449153,-0.5946047638178141,1.035616683475698,1.6458702089369925,0.3481453347018932,0.645724143175418,0.6935909853507874,0.9778076923076915
40,-0.2309462211163681,0.33905731172300346,0.674815377118751,0.5743495026234717,0.368944258778504,-0.2908548906369742,-0.7533448337046543,-0.42352015919649855,-0.46319230769230835
379,-0.6657759217203101,-0.2755691521325073,0.0401053066504684,0.4698345337974609,0.0934098569857505,-0.595140712226911,-0.7533448337046543,-0.42352015919649855,-0.09619230769230835
187,0.9389885591047176,-0.5911764718491478,-0.5946047638178141,0.09906914159345638,0.15895548560605294,0.41153821419979647,-0.7533448337046543,-0.42352015919649855,2.0258076923076915
522,-0.25287040770144087,-0.23281716142903502,-0.5946047638178141,1.1734129552239578,1.933542690103877,0.2238952908860025,-0.7533448337046543,0.6935909853507874,3.399807692307691
216,-1.1006056223242522,-0.8901812165300512,-0.5946047638178141,0.16446398242313914,-1.2781931122909527,-1.335569544762424,-0.7533448337046543,-0.42352015919649855,-1.3041923076923085
409,-0.1157367700418684,-0.1594519230881151,-0.5946047638178141,0.14694750720090255,-0.46979702597388695,-0.044890518185108606,-0.05381034526461813,-0.42352015919649855,-0.20619230769230867
279,-1.1006056223242522,-0.8901812165300512,-0.5946047638178141,0.32328002443808274,-0.8145184801991824,-0.8436407998586929,-0.7533448337046543,-0.42352015919649855,-0.8461923076923084
496,-1.1006056223242522,-0.8901812165300512,-0.5946047638178141,0.16679951245277067,-0.8145184801991824,-0.0803905307039346,-0.7533448337046543,-0.42352015919649855,-1.7621923076923087
492,-1.1006056223242522,-0.8901812165300512,-0.5946047638178141,1.3228868771203754,0.2621291602861594,-0.5697835604277496,-0.7533448337046543,-0.42352015919649855,1.4258076923076919
337,-0.7336979115328883,-0.5281068459545002,-0.5946047638178141,-0.32307791126244184,-0.6542958324606646,-0.26549773883781275,-0.7533448337046543,-0.42352015919649855,-0.7881923076923085
236,0.34682057830201857,0.47095634669902436,0.674815377118751,-1.5293791715671246,-1.1216118883646742,1.648967221998873,-0.7533448337046543,-0.42352015919649855,-1.7201923076923085
207,-0.6657759217203101,-0.2755691521325073,0.0401053066504684,-0.27052848559573245,-0.7526142753911188,-0.20971200487965788,-0.7533448337046543,-0.42352015919649855,-0.9011923076923085
212,-0.3369131229442195,-0.21131877068458094,-0.5946047638178141,1.3176319345537044,1.6349459375002755,-0.26549773883781275,-0.7533448337046543,0.6935909853507874,3.3028076923076917
295,0.5198496979195041,0.07751995667175127,-0.5946047638178141,0.38458768771591023,0.3106814777826794,0.10218096225002765,-0.05381034526461813,1.8107021298980734,1.7108076923076911
514,-0.07790680103233122,0.004298712910499558,-0.5946047638178141,0.4733378288419083,-0.247670173427306,-1.431926721599237,0.645724143175418,1.8107021298980734,1.4458076923076915
251,-0.1157367700418684,-0.1594519230881151,-0.5946047638178141,0.4599085311715269,-0.44066563547597465,-1.4040338546201598,-0.05381034526461813,-0.42352015919649855,-0.33019230769230834
537,0.1062993548834267,-0.37148394164945886,0.674815377118751,0.4610762961863428,0.569222568451651,-0.8385693694988606,0.645724143175418,-0.42352015919649855,-1.2331923076923084
461,1.505793265230568,-0.8001990036954273,-0.5946047638178141,-0.3277489713217049,0.16016929354346635,-0.6407835854654015,0.645724143175418,-0.42352015919649855,1.2118076923076915
455,0.07233835997713765,-0.2994002550675854,-0.5946047638178141,0.5323099620901043,0.45269700646000177,2.4147532063335473,-0.7533448337046543,-0.42352015919649855,0.0978076923076916
543,-1.1006056223242522,-0.8901812165300512,-0.5946047638178141,1.659787083894723,0.7075966733167347,-0.7599621989214602,-0.7533448337046543,-0.42352015919649855,1.4548076923076918
303,2.4835689983236633,2.7111520198861925,3.2136556589918808,-0.40306981477732157,3.448374995995315,0.28728817038390575,3.443862096935563,4.044924418992646,-0.49419230769230893
350,0.06803949986241746,0.44857958901859457,0.0401053066504684,0.6140535131272077,0.6469062764460839,-0.30860489689638715,-0.7533448337046543,0.6935909853507874,-1.1651923076923083
269,-1.1006056223242522,-0.8901812165300512,-0.5946047638178141,1.8390390136689427,0.2123630348522255,-1.152998051808462,-0.7533448337046543,-0.42352015919649855,1.4448076923076911
445,-0.4673835274259757,-0.11717511449754768,0.0401053066504684,-0.40482146229954513,-0.2124697432423282,0.4267525052792933,-0.7533448337046543,-0.42352015919649855,-2.1501923076923086
201,-1.1006056223242522,-0.8901812165300512,-0.5946047638178141,0.36181626992700305,-0.7404761960169887,0.0793595256307821,-0.7533448337046543,-0.42352015919649855,-1.1111923076923085
161,-0.3369131229442195,-0.21131877068458094,-0.5946047638178141,0.9602958400200813,1.0195453132318784,1.271145660191368,-0.7533448337046543,0.6935909853507874,0.7108076923076911
43,-0.7336979115328883,-0.5281068459545002,-0.5946047638178141,-0.21914682494383889,-0.6348749054620567,0.6194668589529202,-0.7533448337046543,-0.42352015919649855,-1.7031923076923086
217,-1.1006056223242522,-0.2439335429794158,-0.5946047638178141,0.056445718552681066,-1.2369236424189105,-0.7624979141013764,-0.7533448337046543,-0.42352015919649855,-0.8101923076923083
401,1.8540009345228992,1.3020066637957575,-0.5946047638178141,0.02141276810820816,-0.0012671621324642365,-0.5241406871892592,1.3452586316154542,-0.42352015919649855,-0.3741923076923088
190,-1.1006056223242522,-0.8901812165300512,-0.5946047638178141,0.7238234245198892,-0.603315899089318,0.2999667462834862,-0.7533448337046543,-0.42352015919649855,0.6858076923076917
309,0.01795777952592788,0.05721672093854286,1.944235518055316,-1.9707943471674827,-1.4493400314661875,1.4663957290449112,0.645724143175418,-0.42352015919649855,-1.4061923076923084
259,-0.1157367700418684,-0.1594519230881151,-0.5946047638178141,0.4599085311715269,-0.44673467516303955,-1.4040338546201598,-0.05381034526461813,-0.42352015919649855,-0.10419230769230836
105,0.024191126692272063,0.008892140001913426,-0.5946047638178141,-1.0249046851667152,-0.3508438481074119,1.2939670968106134,-0.05381034526461813,0.6935909853507874,-2.0961923076923084
53,1.3039617828444574,1.1858894347513649,0.0401053066504684,0.2216844681491114,0.11889982367142364,0.038788082752123816,0.645724143175418,-0.42352015919649855,1.2358076923076915
389,0.8102376986688495,-0.4067770131261212,-0.5946047638178141,1.2160363782647334,-0.08744752568878829,-1.1758194884277073,0.645724143175418,1.8107021298980734,1.6348076923076915
1,-1.1006056223242522,-0.8901812165300512,-0.5946047638178141,0.18431598767500698,-1.3680148996595156,-1.0135337169130743,-0.7533448337046543,-0.42352015919649855,-0.43419230769230843
503,-1.1006056223242522,-0.8901812165300512,-0.5946047638178141,1.0332811534460662,-0.49528699265956005,-1.2721766652645206,-0.7533448337046543,-0.42352015919649855,0.6248076923076917
359,0.3564930135601389,0.6626419311532591,0.674815377118751,0.01440617801931358,0.867819321055252,0.9338955412625213,-0.05381034526461813,0.6935909853507874,-0.8471923076923087
49,-0.29886821092894633,0.08650521844304367,0.0401053066504684,-1.2783096933817355,-1.3680148996595156,1.395395704007259,-0.7533448337046543,0.6935909853507874,-1.5941923076923086
419,-0.7612106162670972,-0.8901812165300512,0.0401053066504684,-0.28512554828092945,-0.42731374816443135,-0.5621764148880011,-0.05381034526461813,-0.42352015919649855,0.30480769230769145
80,0.029994587847144316,0.15075559989097007,-0.5946047638178141,1.0326972709386586,1.262306900714481,0.2999667462834862,-0.7533448337046543,1.8107021298980734,0.4258076923076919
205,-1.1006056223242522,-0.8901812165300512,-0.5946047638178141,0.7909699128717957,-0.247670173427306,-0.4151049344528651,-0.7533448337046543,-0.42352015919649855,0.23680769230769183
34,-0.8420291864238357,-0.630832579089755,0.0401053066504684,-0.4293445276106762,-1.060921491494024,1.77575298099468,-0.05381034526461813,-0.42352015919649855,-2.4121923076923086
430,1.755127151884336,-0.4067770131261212,-0.5946047638178141,0.3326221445566088,1.1639884577840272,-1.1656766277080428,0.645724143175418,-0.42352015919649855,-1.1451923076923083
263,-0.1157367700418684,-0.1594519230881151,-0.5946047638178141,0.30342801918621487,-0.4540175227875179,-0.7751764900009571,-0.05381034526461813,-0.42352015919649855,-0.4961923076923087
427,-0.8235440879305391,-0.6484719150991027,-0.5946047638178141,-0.14966480656230113,-0.2962224909238265,-0.41764064963278125,-0.05381034526461813,-0.42352015919649855,-1.0531923076923086
454,0.1062993548834267,-0.37148394164945886,0.674815377118751,-0.2051336447660497,-0.06802659869018009,0.28475245520398934,0.645724143175418,-0.42352015919649855,-1.2441923076923085
443,0.1484281840076841,-0.4164822477957542,0.674815377118751,-1.5410568217152822,-1.5816450966442057,-1.1580694821682944,-0.05381034526461813,0.6935909853507874,-1.1261923076923086
366,0.027630214784048254,0.5983915497053327,1.3095254475870333,-1.891386326160011,-0.8351532151352035,1.8213958542331705,-0.05381034526461813,-0.42352015919649855,-1.8071923076923087
91,0.7631651804126638,-0.49873195170219875,-0.5946047638178141,-0.1531681016067483,-0.16270361780839482,0.14275240512868595,-0.7533448337046543,-0.42352015919649855,1.8148076923076912
339,-0.39838682258471747,-0.20568858261955647,-0.5946047638178141,0.5258872545086175,0.29732959047113666,-0.3821406371139553,0.645724143175418,-0.42352015919649855,-0.3611923076923089
526,-0.29886821092894633,0.08650521844304367,0.0401053066504684,-0.38263392701804566,-0.603315899089318,-0.41764064963278125,-0.7533448337046543,-0.42352015919649855,-0.30219230769230876
52,1.1277085181409316,0.8306260077941172,0.0401053066504684,0.7144813044013631,0.38715137783969933,0.4546453722583712,1.3452586316154542,-0.42352015919649855,-1.0391923076923084
345,0.6348442059882676,-0.009423970531874716,0.674815377118751,-1.5369696441634269,-0.7404761960169887,-1.1504623366285458,0.645724143175418,0.6935909853507874,-0.5431923076923084
264,0.5142611797703678,0.5609097606177146,1.3095254475870333,1.2785118065573762,1.376404846831304,-0.8360336543189445,2.7443276084955266,-0.42352015919649855,1.8858076923076919
241,-1.1006056223242522,-0.8901812165300512,-0.5946047638178141,2.4217537560620084,0.33617144446835306,-1.4268552912394052,-0.7533448337046543,-0.42352015919649855,4.015807692307691
13,-0.5892562116782917,-0.4429484515387592,-0.5946047638178141,-1.301081111170643,-1.4493400314661875,0.2112167149864215,-0.05381034526461813,0.6935909853507874,-0.9841923076923087
315,-0.5413239213991621,-0.4164822477957542,0.674815377118751,-0.4766390107107146,-0.8145184801991824,-0.5494978389884206,-0.05381034526461813,-0.42352015919649855,0.6068076923076919
88,-0.6657759217203101,-0.2755691521325073,0.0401053066504684,-1.153358836796449,-1.4493400314661875,1.867038727471661,-0.7533448337046543,-0.42352015919649855,-3.8291923076923085
387,-0.1451839618277013,-0.6484719150991027,-0.5946047638178141,0.7740373201569672,-0.12264795587376552,-0.6965693194235567,-0.05381034526461813,0.6935909853507874,1.3348076923076917
273,-0.4519076310129832,-0.19136112194257607,-0.5946047638178141,1.1372122397646691,1.0025520021080965,-0.41764064963278125,1.3452586316154542,-0.42352015919649855,1.4478076923076912
166,-0.26899113313164136,0.04121892313741207,0.0401053066504684,-1.2251763852076183,-0.5098526879085162,2.211895991940256,-0.7533448337046543,-0.42352015919649855,-2.8761923076923086
328,-0.29886821092894633,0.08650521844304367,0.0401053066504684,0.8020636805125455,0.7148795209412125,0.29743103110357033,-0.7533448337046543,-0.42352015919649855,0.4058076923076914
540,-1.1006056223242522,-0.8901812165300512,-0.5946047638178141,1.423314668394531,0.4017170730886555,-0.8411050846787768,-0.7533448337046543,-0.42352015919649855,1.4088076923076915
134,-0.31391422133046676,-0.5984049997484888,-0.5946047638178141,-0.5653891518367125,-0.7744628182645531,2.640431857346084,1.3452586316154542,-0.42352015919649855,-3.334192307692309
306,0.707709884932774,0.05721672093854286,1.944235518055316,-2.193253582489885,-1.5816450966442057,-1.766641125348168,0.645724143175418,-0.42352015919649855,-0.8801923076923086
484,0.4267793764358131,0.4675292757029225,-0.5946047638178141,-0.7855128571294838,0.8047013083097753,0.28982388556382166,-0.7533448337046543,-0.42352015919649855,-2.2581923076923087
531,-0.040291775028530014,0.34585385588333983,0.674815377118751,0.9725573726756468,0.6299129653223019,-0.8563193757582737,-0.05381034526461813,0.6935909853507874,-0.6431923076923081
504,-0.5413239213991621,-0.4164822477957542,0.674815377118751,0.7559369624273228,-0.551122157780559,-1.8858197388042264,-0.05381034526461813,-0.42352015919649855,0.7948076923076917
243,-1.1006056223242522,-0.8901812165300512,-0.5946047638178141,1.3497454724611382,-0.6081711308389701,-1.447141012678734,-0.7533448337046543,-0.42352015919649855,0.10980769230769116
189,1.0922429221944905,0.5679798944794205,1.3095254475870333,-0.02880112752886954,-0.08380610187654912,0.13768097476885366,2.7443276084955266,-0.42352015919649855,-0.47619230769230825
475,-0.1451839618277013,-0.6484719150991027,-0.5946047638178141,-0.6804140057960651,-1.4493400314661875,-0.8791408123775186,-0.05381034526461813,0.6935909853507874,0.6538076923076916
510,-1.1006056223242522,-0.8901812165300512,-0.5946047638178141,1.8390390136689427,0.15652786973122718,-1.152998051808462,-0.7533448337046543,-0.42352015919649855,1.9058076923076914
58,-0.29886821092894633,0.08650521844304367,0.0401053066504684,-1.0138109175259653,-1.1543847026748257,1.339609970049104,-0.7533448337046543,0.6935909853507874,-1.6041923076923084
474,-1.0309640884657858,-0.8451973098417227,-0.5946047638178141,1.423898550901939,0.9042335591776426,0.05146665865170481,-0.05381034526461813,-0.42352015919649855,0.7868076923076917
252,0.8843930356477716,1.621876223070575,0.0401053066504684,0.8861427615792803,1.0256143529189439,-0.5824621363273302,-0.05381034526461813,0.6935909853507874,-0.5071923076923088
21,-0.040291775028530014,0.34585385588333983,0.674815377118751,-0.7370506090146296,-0.31078818617278264,-0.06264052444452188,-0.05381034526461813,0.6935909853507874,-0.5481923076923083
313,-0.5413239213991621,-0.4164822477957542,0.674815377118751,-0.1140479736104204,-0.7331933483925106,-1.102283748210139,-0.05381034526461813,-0.42352015919649855,1.6448076923076913
459,-0.12025057316232456,-0.4831229392661718,-0.5946047638178141,0.4493986460381852,0.34709571590507005,-0.212247720059574,-0.05381034526461813,-0.42352015919649855,0.7838076923076915
160,0.029994587847144316,0.15075559989097007,-0.5946047638178141,-0.18528163951418186,-0.07288183043983214,0.6321454348525006,-0.7533448337046543,1.8107021298980734,-0.9941923076923085
276,-0.1157367700418684,-0.1594519230881151,-0.5946047638178141,0.1089951442193903,-0.5098526879085162,-1.0515694446118162,-0.05381034526461813,-0.42352015919649855,-0.9241923076923086
191,-1.1006056223242522,-0.8901812165300512,-0.5946047638178141,0.5469070247753013,-0.6712891435844468,0.20107385426675692,-0.7533448337046543,-0.42352015919649855,-0.23419230769230825
385,0.1062993548834267,-0.37148394164945886,0.674815377118751,-1.7442479342932249,-0.9735273200002869,-0.9019622489967639,0.645724143175418,-0.42352015919649855,-1.1751923076923085
413,-0.1157367700418684,-0.1594519230881151,-0.5946047638178141,-0.04748536776592176,-0.5317012307819508,-0.22746201113907086,-0.05381034526461813,-0.42352015919649855,-0.6241923076923088
491,-0.9338098498731108,-0.8901812165300512,-0.5946047638178141,-0.429928410118084,0.17716260466724826,0.3405381891621445,0.645724143175418,-0.42352015919649855,0.058807692307691894
343,-0.1866679619347506,-0.25209803564659966,-0.5946047638178141,0.2654756562047026,0.1395345586074447,0.05907380419145295,-0.7533448337046543,-0.42352015919649855,-0.19419230769230822
308,-0.5413239213991621,-0.4164822477957542,0.674815377118751,-1.2380218003705918,-1.4493400314661875,0.799502636726966,-0.05381034526461813,-0.42352015919649855,-1.6311923076923085
130,0.21806971786615037,-0.37148394164945886,0.674815377118751,-1.5153659913893354,-1.2781931122909527,-0.394819213013536,0.645724143175418,-0.42352015919649855,-1.3721923076923086
99,-0.6657759217203101,-0.2755691521325073,0.0401053066504684,-1.4563938581411393,-1.6666116522631165,2.2296459981996692,-0.7533448337046543,-0.42352015919649855,-4.174192307692309
372,6.36479485289874,7.345617566505444,10.830176504611272,-5.119672709618187,2.544088082622621,0.9085383894633599,2.7443276084955266,-0.42352015919649855,-1.6761923076923084
87,0.9387736160989815,1.262508950592785,-0.5946047638178141,1.1004276417979726,0.6299129653223019,0.6372168652123329,1.3452586316154542,-0.42352015919649855,1.4758076923076917
458,0.9387736160989815,0.6162612770421495,-0.5946047638178141,1.0181002082534614,0.5922849192624984,0.7158240357897335,1.3452586316154542,-0.42352015919649855,2.247807692307691
330,1.4944012859265594,1.2441064433111961,0.0401053066504684,-1.299913346155827,0.5291669065170217,0.3253238980826476,2.0447931200554903,0.6935909853507874,-1.2561923076923085
214,-1.1006056223242522,-0.8901812165300512,-0.5946047638178141,0.5655912650123535,-1.18837132492239,2.455324649212206,-0.7533448337046543,-0.42352015919649855,0.1628076923076911
466,0.7915376571698168,0.3536151637274529,0.674815377118751,-0.02880112752886954,0.05699561886336038,0.32278818290273176,2.7443276084955266,-0.42352015919649855,-1.1341923076923086
121,2.83091689559305,3.446172351802239,1.944235518055316,-1.3349462966003,2.706738346235965,1.4004671343670916,-0.05381034526461813,0.6935909853507874,-0.1621923076923082
20,0.35047460939953073,0.6069736266535543,0.0401053066504684,0.514793486867868,0.9904139227339661,-0.23760487185873544,-0.7533448337046543,0.6935909853507874,-1.8091923076923084
71,-0.6657759217203101,-0.2755691521325073,0.0401053066504684,1.4659380914353066,0.46726270170895795,0.5002882454968618,-0.7533448337046543,-0.42352015919649855,1.5958076923076918
106,-0.9022132280299177,-0.7317871788950916,-0.5946047638178141,-0.8888600609406787,-1.2369236424189105,2.4629317947519542,-0.7533448337046543,-0.42352015919649855,-3.0341923076923085
270,-1.1006056223242522,-0.8901812165300512,-0.5946047638178141,1.22245908584622,0.0934098569857505,-0.7827836355407055,-0.7533448337046543,-0.42352015919649855,0.8618076923076918
435,0.6109855323515709,0.23117657263562905,0.674815377118751,-0.5817378620441331,0.6019953827618025,0.23910958196549878,2.7443276084955266,-0.42352015919649855,0.28980769230769177
102,0.029994587847144316,0.15075559989097007,-0.5946047638178141,-0.8964505335369812,-0.3702647751060202,1.9481816132289778,-0.7533448337046543,1.8107021298980734,-1.8651923076923085
